subject,roi,brain_metric,comparator,level,split_mode,n_repeats,n_splits,n_stimuli,n_voxels,rdm_cv,degenerate_rdm,r_hh,r_sb,r_sb_lo,r_sb_hi,ceiling_one_sided
01,LOC,correlation,l1_r0,L1,all,12,462,100,2700,0.16388557556752478,False,0.9873799073643864,0.993649884157101,0.9919112585271816,0.9951394488034889,0.99681988551448
01,LOC,correlation,pearson,L2,all,12,462,100,2700,0.16388557556752478,False,0.28216581919022227,0.4401393563407107,0.29207145554735897,0.5704526509979629,0.6634299935492144
01,LOC,correlation,spearman,L3,all,12,462,100,2700,0.16388557556752478,False,0.24869161423648312,0.39832351142767386,0.25229821020028453,0.5310142142563034,0.6311287597849379
01,LOC,correlation,kendall,L3,all,12,462,100,2700,0.16388557556752478,False,0.16797717442916654,0.2876377691392183,0.17691503011012735,0.39614281339811447,0.5363187197359591
01,LOC,correlation,l1_r0,L1,contiguous,12,1,100,2700,0.16388557556752478,False,0.9860068684569951,0.992954137387311,,,0.9964708412127828
01,LOC,correlation,pearson,L2,contiguous,12,1,100,2700,0.16388557556752478,False,0.2507730795341642,0.40098893018637993,,,0.6332368673619532
01,LOC,correlation,spearman,L3,contiguous,12,1,100,2700,0.16388557556752478,False,0.24504556520392615,0.39363308790034546,,,0.6274018551935796
01,LOC,correlation,kendall,L3,contiguous,12,1,100,2700,0.16388557556752478,False,0.16404995601600975,0.28186067989294006,,,0.530905528218477
01,LOC,correlation,l1_r0,L1,alternating,12,1,100,2700,0.16388557556752478,False,0.987927483030429,0.9939270838234162,,,0.9969589178212993
01,LOC,correlation,pearson,L2,alternating,12,1,100,2700,0.16388557556752478,False,0.29808194971725654,0.4592652255617354,,,0.6776910989246763
01,LOC,correlation,spearman,L3,alternating,12,1,100,2700,0.16388557556752478,False,0.251101564239087,0.4014087607536573,,,0.633568276315708
01,LOC,correlation,kendall,L3,alternating,12,1,100,2700,0.16388557556752478,False,0.17001022551234712,0.2906132302183935,,,0.5390855499996207
01,LOC,euclidean_centered,l1_r0,L1,all,12,462,100,2700,0.08757481508298583,False,0.9970959883963917,0.9985458828116018,0.9981874096453838,0.9988321550818919,0.9992726769063597
01,LOC,euclidean_centered,pearson,L2,all,12,462,100,2700,0.08757481508298583,False,0.3337925436627248,0.5005164337567787,0.38727051881967856,0.5898663172322597,0.7074718607526229
01,LOC,euclidean_centered,spearman,L3,all,12,462,100,2700,0.08757481508298583,False,0.29793832710376483,0.459094736448053,0.3572561406153343,0.538322328681323,0.6775653005047211
01,LOC,euclidean_centered,kendall,L3,all,12,462,100,2700,0.08757481508298583,False,0.2014417824855195,0.33533340594960936,0.2550409863641862,0.40066488752033597,0.5790797923858243
01,LOC,euclidean_centered,l1_r0,L1,contiguous,12,1,100,2700,0.08757481508298583,False,0.9964746449827249,0.9982342099729968,,,0.9991167148902058
01,LOC,euclidean_centered,pearson,L2,contiguous,12,1,100,2700,0.08757481508298583,False,0.26417358347563535,0.4179387813963553,,,0.6464818492396792
01,LOC,euclidean_centered,spearman,L3,contiguous,12,1,100,2700,0.08757481508298583,False,0.26249933549449567,0.4158407503504624,,,0.6448571549967189
01,LOC,euclidean_centered,kendall,L3,contiguous,12,1,100,2700,0.08757481508298583,False,0.17702480452126843,0.3008004654468939,,,0.5484527923594645
01,LOC,euclidean_centered,l1_r0,L1,alternating,12,1,100,2700,0.08757481508298583,False,0.9972962174413361,0.9986462786365622,,,0.99932291009291
01,LOC,euclidean_centered,pearson,L2,alternating,12,1,100,2700,0.08757481508298583,False,0.3515847043296906,0.5202555240576753,,,0.7212874073888128
01,LOC,euclidean_centered,spearman,L3,alternating,12,1,100,2700,0.08757481508298583,False,0.3337422721039534,0.5004599150591235,,,0.7074319154937269
01,LOC,euclidean_centered,kendall,L3,alternating,12,1,100,2700,0.08757481508298583,False,0.22671320193243813,0.36962706780247806,,,0.6079696273684057
01,LOC,mahalanobis,l1_r0,L1,contiguous,12,1,100,2700,3.907974466562849e-16,True,0.999999999999,0.9999999999995001,,,0.99999999999975
01,LOC,mahalanobis,pearson,L2,contiguous,12,1,100,2700,3.907974466562849e-16,True,-0.02173589732342928,-0.04443768766319642,,,
01,LOC,mahalanobis,spearman,L3,contiguous,12,1,100,2700,3.907974466562849e-16,True,-0.005801641337564698,-0.011670993594014885,,,
01,LOC,mahalanobis,kendall,L3,contiguous,12,1,100,2700,3.907974466562849e-16,True,-0.004138183290843652,-0.008310758021666812,,,
01,LOC,mahalanobis,l1_r0,L1,alternating,12,1,100,2700,3.907974466562849e-16,True,0.999999999999,0.9999999999995001,,,0.99999999999975
01,LOC,mahalanobis,pearson,L2,alternating,12,1,100,2700,3.907974466562849e-16,True,0.009015069714153832,0.017869048708475152,,,0.1336751611499876
01,LOC,mahalanobis,spearman,L3,alternating,12,1,100,2700,3.907974466562849e-16,True,0.014836138019833977,0.029238489769949475,,,0.17099265998851962
01,LOC,mahalanobis,kendall,L3,alternating,12,1,100,2700,3.907974466562849e-16,True,0.010921280542619673,0.02160658946017556,,,0.14699180065628
01,FFA,correlation,l1_r0,L1,all,12,462,100,553,0.1317306993462841,False,0.9933512864439846,0.9966645550128416,0.9960719871511093,0.997255783010123,0.9983308845332001
01,FFA,correlation,pearson,L2,all,12,462,100,553,0.1317306993462841,False,0.35042831895912874,0.5189884039594619,0.43809764340621016,0.5980459008702361,0.7204084979783775
01,FFA,correlation,spearman,L3,all,12,462,100,553,0.1317306993462841,False,0.2909231647016421,0.45072111595252096,0.35588108446143196,0.5358221752656436,0.6713576661903258
01,FFA,correlation,kendall,L3,all,12,462,100,553,0.1317306993462841,False,0.19765516369642086,0.3300702400620586,0.2548439084406357,0.40050195197813143,0.5745173975277499
01,FFA,correlation,l1_r0,L1,contiguous,12,1,100,553,0.1317306993462841,False,0.9925709155230292,0.9962716084937833,,,0.99813406338717
01,FFA,correlation,pearson,L2,contiguous,12,1,100,553,0.1317306993462841,False,0.31910592048724173,0.48382152718922333,,,0.6955728050960757
01,FFA,correlation,spearman,L3,contiguous,12,1,100,553,0.1317306993462841,False,0.2543410109831134,0.405537264198623,,,0.6368180777888007
01,FFA,correlation,kendall,L3,contiguous,12,1,100,553,0.1317306993462841,False,0.17229910746176658,0.29395076114119784,,,0.5421722615010822
01,FFA,correlation,l1_r0,L1,alternating,12,1,100,553,0.1317306993462841,False,0.9931814466774036,0.9965790604091952,,,0.9982880648436078
01,FFA,correlation,pearson,L2,alternating,12,1,100,553,0.1317306993462841,False,0.338435327295467,0.5057178638273577,,,0.7111384280344846
01,FFA,correlation,spearman,L3,alternating,12,1,100,553,0.1317306993462841,False,0.2815832597567317,0.43943030249970877,,,0.6628953933311867
01,FFA,correlation,kendall,L3,alternating,12,1,100,553,0.1317306993462841,False,0.1926857991921641,0.32311242294102105,,,0.5684297871690233
01,FFA,euclidean_centered,l1_r0,L1,all,12,462,100,553,0.06982708990488895,False,0.998032825537388,0.9990154443723501,0.9988381503458293,0.999172651080707,0.9995076009577667
01,FFA,euclidean_centered,pearson,L2,all,12,462,100,553,0.06982708990488895,False,0.2907152403018,0.4504715389179473,0.35211990934652215,0.5348840857288414,0.6711717655845986
01,FFA,euclidean_centered,spearman,L3,all,12,462,100,553,0.06982708990488895,False,0.2049366308508968,0.34016167423871174,0.21331312474317818,0.4371020548397709,0.5832338075238024
01,FFA,euclidean_centered,kendall,L3,all,12,462,100,553,0.06982708990488895,False,0.13736800025085993,0.24155418513719712,0.14719184951912825,0.3182241285291325,0.4914816223799188
01,FFA,euclidean_centered,l1_r0,L1,contiguous,12,1,100,553,0.06982708990488895,False,0.9978848196290355,0.9989412901333535,,,0.9994705048841379
01,FFA,euclidean_centered,pearson,L2,contiguous,12,1,100,553,0.06982708990488895,False,0.27945929464780733,0.43683968035064874,,,0.6609384845434927
01,FFA,euclidean_centered,spearman,L3,contiguous,12,1,100,553,0.06982708990488895,False,0.21101815510921776,0.348497095966636,,,0.5903364260882399
01,FFA,euclidean_centered,kendall,L3,contiguous,12,1,100,553,0.06982708990488895,False,0.14249580060046818,0.24944651967311535,,,0.4994462129930663
01,FFA,euclidean_centered,l1_r0,L1,alternating,12,1,100,553,0.06982708990488895,False,0.9982231842770763,0.999110802168194,,,0.9995553022060331
01,FFA,euclidean_centered,pearson,L2,alternating,12,1,100,553,0.06982708990488895,False,0.33862861184750426,0.5059336231879087,,,0.7112901118305446
01,FFA,euclidean_centered,spearman,L3,alternating,12,1,100,553,0.06982708990488895,False,0.2585736069392165,0.4108994587421131,,,0.6410143982330764
01,FFA,euclidean_centered,kendall,L3,alternating,12,1,100,553,0.06982708990488895,False,0.17420133850119704,0.29671459704441383,,,0.5447151522074761
01,FFA,mahalanobis,l1_r0,L1,contiguous,12,1,100,553,2.120451089498687e-16,True,0.999999999999,0.9999999999995001,,,0.99999999999975
01,FFA,mahalanobis,pearson,L2,contiguous,12,1,100,553,2.120451089498687e-16,True,0.039172826254208995,0.07539232217110783,,,0.27457662349717216
01,FFA,mahalanobis,spearman,L3,contiguous,12,1,100,553,2.120451089498687e-16,True,0.0025654239765508045,0.0051177188344983405,,,0.07153823337557576
01,FFA,mahalanobis,kendall,L3,contiguous,12,1,100,553,2.120451089498687e-16,True,0.002044668704581255,0.004080993130225526,,,0.0638826512460584
01,FFA,mahalanobis,l1_r0,L1,alternating,12,1,100,553,2.120451089498687e-16,True,0.999999999999,0.9999999999995001,,,0.99999999999975
01,FFA,mahalanobis,pearson,L2,alternating,12,1,100,553,2.120451089498687e-16,True,0.03297854611227375,0.06385136697444892,,,0.25268828024751944
01,FFA,mahalanobis,spearman,L3,alternating,12,1,100,553,2.120451089498687e-16,True,-0.012829933045837953,-0.025993359149196517,,,
01,FFA,mahalanobis,kendall,L3,alternating,12,1,100,553,2.120451089498687e-16,True,-0.010050152284111623,-0.020304366544023098,,,
01,PPA,correlation,l1_r0,L1,all,12,462,100,809,0.14703512710906466,False,0.9909006843884719,0.9954295482025397,0.9944887357740172,0.9962861406067369,0.9977121569884471
01,PPA,correlation,pearson,L2,all,12,462,100,809,0.14703512710906466,False,0.32915505857695654,0.4952846644233704,0.38144131831130873,0.5877653028078904,0.7037646370935174
01,PPA,correlation,spearman,L3,all,12,462,100,809,0.14703512710906466,False,0.2841843152195736,0.442591163669497,0.32772043560176783,0.5363568032996695,0.6652752540636823
01,PPA,correlation,kendall,L3,all,12,462,100,809,0.14703512710906466,False,0.19109876214231544,0.3208781139166065,0.23121448392170144,0.3971109652717582,0.5664610436001812
01,PPA,correlation,l1_r0,L1,contiguous,12,1,100,809,0.14703512710906466,False,0.98972248108392,0.994834697293825,,,0.9974140049617436
01,PPA,correlation,pearson,L2,contiguous,12,1,100,809,0.14703512710906466,False,0.2959325216477723,0.4567097695356784,,,0.6758030552873214
01,PPA,correlation,spearman,L3,contiguous,12,1,100,809,0.14703512710906466,False,0.25069353659383753,0.40088723457639525,,,0.633156564031674
01,PPA,correlation,kendall,L3,contiguous,12,1,100,809,0.14703512710906466,False,0.16843357805168271,0.28830663756264024,,,0.536941931276223
01,PPA,correlation,l1_r0,L1,alternating,12,1,100,809,0.14703512710906466,False,0.9894475598191343,0.9946957937499871,,,0.9973443706914814
01,PPA,correlation,pearson,L2,alternating,12,1,100,809,0.14703512710906466,False,0.25002573955294144,0.40003294594935385,,,0.6324815775572865
01,PPA,correlation,spearman,L3,alternating,12,1,100,809,0.14703512710906466,False,0.20491013407046824,0.34012517328281383,,,0.5832025148118052
01,PPA,correlation,kendall,L3,alternating,12,1,100,809,0.14703512710906466,False,0.13633175562454203,0.23995062172598072,,,0.48984754947430403
01,PPA,euclidean_centered,l1_r0,L1,all,12,462,100,809,0.058516413250985964,False,0.9980775776346121,0.999037864001425,0.9987985746563293,0.9992201211289578,0.9995188162318032
01,PPA,euclidean_centered,pearson,L2,all,12,462,100,809,0.058516413250985964,False,0.14701474661652844,0.2563432546097485,0.10151397922067076,0.38163102500600976,0.5063035202423034
01,PPA,euclidean_centered,spearman,L3,all,12,462,100,809,0.058516413250985964,False,0.1319972892972078,0.23321131692666391,0.10068621145993509,0.3510208440502001,0.4829195760441524
01,PPA,euclidean_centered,kendall,L3,all,12,462,100,809,0.058516413250985964,False,0.08805841976546801,0.1618634039603298,0.06782022353995636,0.250106499584663,0.40232251237077177
01,PPA,euclidean_centered,l1_r0,L1,contiguous,12,1,100,809,0.058516413250985964,False,0.9981543797942269,0.9990763375320564,,,0.9995380620727039
01,PPA,euclidean_centered,pearson,L2,contiguous,12,1,100,809,0.058516413250985964,False,0.1449485947221914,0.2531966856684278,,,0.5031865316842531
01,PPA,euclidean_centered,spearman,L3,contiguous,12,1,100,809,0.058516413250985964,False,0.13318312641572524,0.23506020044083328,,,0.48483007377929155
01,PPA,euclidean_centered,kendall,L3,contiguous,12,1,100,809,0.058516413250985964,False,0.08893583235874607,0.16334448682086616,,,0.4041589870593826
01,PPA,euclidean_centered,l1_r0,L1,alternating,12,1,100,809,0.058516413250985964,False,0.9977477316705939,0.9988725962273913,,,0.9994361391441633
01,PPA,euclidean_centered,pearson,L2,alternating,12,1,100,809,0.058516413250985964,False,0.09596386112288671,0.1751223092786389,,,0.41847617528198533
01,PPA,euclidean_centered,spearman,L3,alternating,12,1,100,809,0.058516413250985964,False,0.0807815773230215,0.1494873321640228,,,0.3866359168054913
01,PPA,euclidean_centered,kendall,L3,alternating,12,1,100,809,0.058516413250985964,False,0.053287042990013286,0.10118237634205575,,,0.318091773458629
01,PPA,mahalanobis,l1_r0,L1,contiguous,12,1,100,809,2.3814596573107637e-16,True,0.999999999999,0.9999999999995001,,,0.99999999999975
01,PPA,mahalanobis,pearson,L2,contiguous,12,1,100,809,2.3814596573107637e-16,True,-0.025509370411051353,-0.052354265164789734,,,
01,PPA,mahalanobis,spearman,L3,contiguous,12,1,100,809,2.3814596573107637e-16,True,-0.019021206229071337,-0.03878005589897193,,,
01,PPA,mahalanobis,kendall,L3,contiguous,12,1,100,809,2.3814596573107637e-16,True,-0.014667456999121241,-0.02977158747736227,,,
01,PPA,mahalanobis,l1_r0,L1,alternating,12,1,100,809,2.3814596573107637e-16,True,0.999999999999,0.9999999999995001,,,0.99999999999975
01,PPA,mahalanobis,pearson,L2,alternating,12,1,100,809,2.3814596573107637e-16,True,-0.02839579148389218,-0.05845135546965144,,,
01,PPA,mahalanobis,spearman,L3,alternating,12,1,100,809,2.3814596573107637e-16,True,0.024757556117580366,0.04831885545958285,,,0.21981550322846397
01,PPA,mahalanobis,kendall,L3,alternating,12,1,100,809,2.3814596573107637e-16,True,0.01896569012083545,0.037225375308929935,,,0.19293878642960813
01,Early_VC,correlation,l1_r0,L1,all,12,462,100,2585,0.30804340654956414,False,0.9859685641694813,0.9929347140313943,0.9912001425415854,0.9945534027122592,0.9964610950917222
01,Early_VC,correlation,pearson,L2,all,12,462,100,2585,0.30804340654956414,False,0.7159945631667768,0.8344951418091289,0.7894044972814545,0.8718962338153279,0.9135070562448485
01,Early_VC,correlation,spearman,L3,all,12,462,100,2585,0.30804340654956414,False,0.6659356540220877,0.7994734399426671,0.7543457183851369,0.8444327469823953,0.8941327865270723
01,Early_VC,correlation,kendall,L3,all,12,462,100,2585,0.30804340654956414,False,0.4807009896148197,0.6492884018938438,0.6004457294808551,0.699137920765364,0.8057843395685
01,Early_VC,correlation,l1_r0,L1,contiguous,12,1,100,2585,0.30804340654956414,False,0.9861678848889471,0.9930357774807006,,,0.9965118049881299
01,Early_VC,correlation,pearson,L2,contiguous,12,1,100,2585,0.30804340654956414,False,0.7099932849817604,0.830404763828454,,,0.9112654738485674
01,Early_VC,correlation,spearman,L3,contiguous,12,1,100,2585,0.30804340654956414,False,0.6473331334798778,0.7859164856502717,,,0.8865193092371264
01,Early_VC,correlation,kendall,L3,contiguous,12,1,100,2585,0.30804340654956414,False,0.4672605219705644,0.6369155510883955,,,0.7980698911050307
01,Early_VC,correlation,l1_r0,L1,alternating,12,1,100,2585,0.30804340654956414,False,0.9847775089767458,0.9923303791208807,,,0.9961578083420722
01,Early_VC,correlation,pearson,L2,alternating,12,1,100,2585,0.30804340654956414,False,0.6952498596677674,0.820232906320985,,,0.9056671056856294
01,Early_VC,correlation,spearman,L3,alternating,12,1,100,2585,0.30804340654956414,False,0.6506776888101877,0.7883764265078275,,,0.8879056405428606
01,Early_VC,correlation,kendall,L3,alternating,12,1,100,2585,0.30804340654956414,False,0.4673860855473302,0.6370321896203571,,,0.7981429631465513
01,Early_VC,euclidean_centered,l1_r0,L1,all,12,462,100,2585,0.11204529850440066,False,0.9966374822277437,0.9983159097221271,0.997985614381778,0.9986027743066482,0.9991576000422191
01,Early_VC,euclidean_centered,pearson,L2,all,12,462,100,2585,0.11204529850440066,False,0.5248258172259298,0.6883747786756782,0.6298408323934866,0.7385225269024527,0.8296835412828666
01,Early_VC,euclidean_centered,spearman,L3,all,12,462,100,2585,0.11204529850440066,False,0.45649417221128263,0.6268396824660448,0.5616469064880847,0.6808981740241087,0.791732077451738
01,Early_VC,euclidean_centered,kendall,L3,all,12,462,100,2585,0.11204529850440066,False,0.3150536529048258,0.47914950421817826,0.42131954772772834,0.5293423227882907,0.692206258436153
01,Early_VC,euclidean_centered,l1_r0,L1,contiguous,12,1,100,2585,0.11204529850440066,False,0.996797486145587,0.9983961749368011,,,0.9991977656784472
01,Early_VC,euclidean_centered,pearson,L2,contiguous,12,1,100,2585,0.11204529850440066,False,0.5215588333316117,0.685558549437887,,,0.8279846311604383
01,Early_VC,euclidean_centered,spearman,L3,contiguous,12,1,100,2585,0.11204529850440066,False,0.4453708371096797,0.6162720675896458,,,0.7850299787840244
01,Early_VC,euclidean_centered,kendall,L3,contiguous,12,1,100,2585,0.11204529850440066,False,0.30738722851877026,0.4702313466332857,,,0.6857341661557237
01,Early_VC,euclidean_centered,l1_r0,L1,alternating,12,1,100,2585,0.11204529850440066,False,0.9969638199695937,0.9984796018835973,,,0.9992395117706251
01,Early_VC,euclidean_centered,pearson,L2,alternating,12,1,100,2585,0.11204529850440066,False,0.5543407217563503,0.7132808321845481,,,0.8445595492234683
01,Early_VC,euclidean_centered,spearman,L3,alternating,12,1,100,2585,0.11204529850440066,False,0.49985692845847957,0.666539479831882,,,0.8164186915008022
01,Early_VC,euclidean_centered,kendall,L3,alternating,12,1,100,2585,0.11204529850440066,False,0.34783813075185066,0.5161422915937535,,,0.7184304361549234
01,Early_VC,mahalanobis,l1_r0,L1,contiguous,12,1,100,2585,3.838470173178778e-16,True,0.999999999999,0.9999999999995001,,,0.99999999999975
01,Early_VC,mahalanobis,pearson,L2,contiguous,12,1,100,2585,3.838470173178778e-16,True,-0.02485970617264593,-0.050986932506036454,,,
01,Early_VC,mahalanobis,spearman,L3,contiguous,12,1,100,2585,3.838470173178778e-16,True,-0.0182633728695163,-0.03720625749270103,,,
01,Early_VC,mahalanobis,kendall,L3,contiguous,12,1,100,2585,3.838470173178778e-16,True,-0.01336688834219506,-0.02709596542880088,,,
01,Early_VC,mahalanobis,l1_r0,L1,alternating,12,1,100,2585,3.838470173178778e-16,True,0.999999999999,0.9999999999995001,,,0.99999999999975
01,Early_VC,mahalanobis,pearson,L2,alternating,12,1,100,2585,3.838470173178778e-16,True,-0.022284176283421445,-0.04558415797897777,,,
01,Early_VC,mahalanobis,spearman,L3,alternating,12,1,100,2585,3.838470173178778e-16,True,0.018506427782926736,0.03634032594808718,,,0.19063138762566667
01,Early_VC,mahalanobis,kendall,L3,alternating,12,1,100,2585,3.838470173178778e-16,True,0.013584641241671355,0.026805144215740612,,,0.16372276633303204
02,LOC,correlation,l1_r0,L1,all,12,462,100,1175,0.19304229597369046,False,0.9881640080751105,0.9940467728633973,0.9921910703488034,0.9953875296459445,0.9970189430815231
02,LOC,correlation,pearson,L2,all,12,462,100,1175,0.19304229597369046,False,0.4736228051643895,0.6428005911751001,0.5365453005980869,0.7181502776308851,0.8017484587918459
02,LOC,correlation,spearman,L3,all,12,462,100,1175,0.19304229597369046,False,0.43974278156409646,0.61086297801941,0.4950819017471616,0.6844144710304569,0.7815772373984609
02,LOC,correlation,kendall,L3,all,12,462,100,1175,0.19304229597369046,False,0.3032019957892953,0.4653184951664511,0.3658954709351994,0.5349389638855648,0.6821425768609163
02,LOC,correlation,l1_r0,L1,contiguous,12,1,100,1175,0.19304229597369046,False,0.9899293230905447,0.9949391785966476,,,0.9974663796823668
02,LOC,correlation,pearson,L2,contiguous,12,1,100,1175,0.19304229597369046,False,0.5314671416132932,0.6940627417620333,,,0.8331042802446962
02,LOC,correlation,spearman,L3,contiguous,12,1,100,1175,0.19304229597369046,False,0.4858372156120471,0.653957527119713,,,0.808676404453421
02,LOC,correlation,kendall,L3,contiguous,12,1,100,1175,0.19304229597369046,False,0.33750926113019464,0.5046832510826871,,,0.7104106214596507
02,LOC,correlation,l1_r0,L1,alternating,12,1,100,1175,0.19304229597369046,False,0.989838837610842,0.9948934746889561,,,0.9974434694201753
02,LOC,correlation,pearson,L2,alternating,12,1,100,1175,0.19304229597369046,False,0.5182625881447391,0.6827048129770976,,,0.8262595312473543
02,LOC,correlation,spearman,L3,alternating,12,1,100,1175,0.19304229597369046,False,0.4554408353254584,0.6258458939330434,,,0.7911042244439372
02,LOC,correlation,kendall,L3,alternating,12,1,100,1175,0.19304229597369046,False,0.3170685231788485,0.48147612307001103,,,0.6938848053315557
02,LOC,euclidean_centered,l1_r0,L1,all,12,462,100,1175,0.1041950239090859,False,0.9978271900498401,0.9989124134654982,0.9986051308289606,0.9991287232711021,0.9994560587967328
02,LOC,euclidean_centered,pearson,L2,all,12,462,100,1175,0.1041950239090859,False,0.5656330558710041,0.7225614632367698,0.651797565516059,0.7757066177315959,0.8500361540762662
02,LOC,euclidean_centered,spearman,L3,all,12,462,100,1175,0.1041950239090859,False,0.362373865520051,0.5319741881303987,0.45312593557149794,0.595295488528596,0.7293656066270184
02,LOC,euclidean_centered,kendall,L3,all,12,462,100,1175,0.1041950239090859,False,0.24869904571515547,0.3983330436081505,0.3333811711221451,0.45280954183640565,0.6311363114321268
02,LOC,euclidean_centered,l1_r0,L1,contiguous,12,1,100,1175,0.1041950239090859,False,0.9979401597403136,0.9989690180410837,,,0.9994843760865318
02,LOC,euclidean_centered,pearson,L2,contiguous,12,1,100,1175,0.1041950239090859,False,0.5906936176029656,0.7426868519068914,,,0.8617928126335769
02,LOC,euclidean_centered,spearman,L3,contiguous,12,1,100,1175,0.1041950239090859,False,0.37012426800493553,0.5402783917459993,,,0.7350363200182691
02,LOC,euclidean_centered,kendall,L3,contiguous,12,1,100,1175,0.1041950239090859,False,0.2549829676845235,0.40635287370469064,,,0.6374581348643146
02,LOC,euclidean_centered,l1_r0,L1,alternating,12,1,100,1175,0.1041950239090859,False,0.997937676489828,0.9989677738527885,,,0.9994837536712583
02,LOC,euclidean_centered,pearson,L2,alternating,12,1,100,1175,0.1041950239090859,False,0.5878946133365807,0.7404705682592635,,,0.8605059954813002
02,LOC,euclidean_centered,spearman,L3,alternating,12,1,100,1175,0.1041950239090859,False,0.39107877094248195,0.5622668954649042,,,0.7498445808731995
02,LOC,euclidean_centered,kendall,L3,alternating,12,1,100,1175,0.1041950239090859,False,0.26863265918428575,0.42349951696342586,,,0.6507684050132012
02,LOC,mahalanobis,l1_r0,L1,contiguous,12,1,100,1175,2.943769549008881e-16,True,0.999999999999,0.9999999999995001,,,0.99999999999975
02,LOC,mahalanobis,pearson,L2,contiguous,12,1,100,1175,2.943769549008881e-16,True,0.024384911661383096,0.04760888487089252,,,0.2181946032121155
02,LOC,mahalanobis,spearman,L3,contiguous,12,1,100,1175,2.943769549008881e-16,True,0.023774900009948877,0.04644556144073826,,,0.2155123231760501
02,LOC,mahalanobis,kendall,L3,contiguous,12,1,100,1175,2.943769549008881e-16,True,0.017990819427209544,0.03534574002805329,,,0.18800462767722845
02,LOC,mahalanobis,l1_r0,L1,alternating,12,1,100,1175,2.943769549008881e-16,True,0.999999999999,0.9999999999995001,,,0.99999999999975
02,LOC,mahalanobis,pearson,L2,alternating,12,1,100,1175,2.943769549008881e-16,True,-0.09253392329282528,-0.20393913484588483,,,
02,LOC,mahalanobis,spearman,L3,alternating,12,1,100,1175,2.943769549008881e-16,True,0.011327927934847928,0.022402086646573255,,,0.1496732663055539
02,LOC,mahalanobis,kendall,L3,alternating,12,1,100,1175,2.943769549008881e-16,True,0.008615834547449595,0.017084472109870033,,,0.1307075824497953
02,FFA,correlation,l1_r0,L1,all,12,462,100,400,0.15184003397546822,False,0.9921804769104702,0.996074892219777,0.9954632537101974,0.9966541138080158,0.9980355165122016
02,FFA,correlation,pearson,L2,all,12,462,100,400,0.15184003397546822,False,0.422279832608032,0.5938069610868323,0.5309777872649267,0.6547091636649711,0.7705887107185209
02,FFA,correlation,spearman,L3,all,12,462,100,400,0.15184003397546822,False,0.3631668380491668,0.5328281585383873,0.46379675131710896,0.6002499492359937,0.7299507918609222
02,FFA,correlation,kendall,L3,all,12,462,100,400,0.15184003397546822,False,0.24643714976674802,0.39542651599058165,0.33980107086913547,0.45384936253035146,0.6288294808535789
02,FFA,correlation,l1_r0,L1,contiguous,12,1,100,400,0.15184003397546822,False,0.9925160887296298,0.9962439895403095,,,0.9981202279987664
02,FFA,correlation,pearson,L2,contiguous,12,1,100,400,0.15184003397546822,False,0.4435855599525646,0.6145608161488406,,,0.7839392936629983
02,FFA,correlation,spearman,L3,contiguous,12,1,100,400,0.15184003397546822,False,0.3910531976944288,0.5622404640492132,,,0.7498269560700077
02,FFA,correlation,kendall,L3,contiguous,12,1,100,400,0.15184003397546822,False,0.26550940808366547,0.4196087463082883,,,0.6477721407318227
02,FFA,correlation,l1_r0,L1,alternating,12,1,100,400,0.15184003397546822,False,0.9924027327047278,0.9961868817129362,,,0.9980916198991635
02,FFA,correlation,pearson,L2,alternating,12,1,100,400,0.15184003397546822,False,0.43492079627540436,0.6061948469968792,,,0.778585157190194
02,FFA,correlation,spearman,L3,alternating,12,1,100,400,0.15184003397546822,False,0.3678405164825321,0.5378412352171754,,,0.7333765984930085
02,FFA,correlation,kendall,L3,alternating,12,1,100,400,0.15184003397546822,False,0.2492521088843578,0.3990421262637722,,,0.6316978124576436
02,FFA,euclidean_centered,l1_r0,L1,all,12,462,100,400,0.11413283337914046,False,0.9973408279815735,0.9986686438382609,0.9982788946770226,0.9989019614126895,0.9993341002078638
02,FFA,euclidean_centered,pearson,L2,all,12,462,100,400,0.11413283337914046,False,0.5574925376427441,0.7158846982169248,0.6367591232916232,0.7637935642569003,0.8460996975634283
02,FFA,euclidean_centered,spearman,L3,all,12,462,100,400,0.11413283337914046,False,0.3161556066731817,0.4804228391691792,0.39808584545015396,0.5447128327299964,0.6931254137377876
02,FFA,euclidean_centered,kendall,L3,all,12,462,100,400,0.11413283337914046,False,0.2155330652775499,0.35463134888615466,0.2877621857756184,0.4088308286298398,0.5955093188911108
02,FFA,euclidean_centered,l1_r0,L1,contiguous,12,1,100,400,0.11413283337914046,False,0.9971519383420907,0.9985739384153848,,,0.9992867148198182
02,FFA,euclidean_centered,pearson,L2,contiguous,12,1,100,400,0.11413283337914046,False,0.5533588230507347,0.7124674799399665,,,0.8440778873658322
02,FFA,euclidean_centered,spearman,L3,contiguous,12,1,100,400,0.11413283337914046,False,0.34180997095500953,0.509475974025938,,,0.7137758569928925
02,FFA,euclidean_centered,kendall,L3,contiguous,12,1,100,400,0.11413283337914046,False,0.2330632246898159,0.37802315408189113,,,0.6148358757277352
02,FFA,euclidean_centered,l1_r0,L1,alternating,12,1,100,400,0.11413283337914046,False,0.9966623733342673,0.9983283970738833,,,0.9991638489626631
02,FFA,euclidean_centered,pearson,L2,alternating,12,1,100,400,0.11413283337914046,False,0.46173092413272715,0.6317591240763835,,,0.794832764848294
02,FFA,euclidean_centered,spearman,L3,alternating,12,1,100,400,0.11413283337914046,False,0.1861467277647513,0.31386796153885244,,,0.5602392002875668
02,FFA,euclidean_centered,kendall,L3,alternating,12,1,100,400,0.11413283337914046,False,0.12504213686674787,0.22228880638193926,,,0.4714751386679252
02,FFA,mahalanobis,l1_r0,L1,contiguous,12,1,100,400,2.031967590268047e-16,True,0.999999999999,0.9999999999995001,,,0.99999999999975
02,FFA,mahalanobis,pearson,L2,contiguous,12,1,100,400,2.031967590268047e-16,True,0.05506200995803351,0.10437682228786473,,,0.32307401982806466
02,FFA,mahalanobis,spearman,L3,contiguous,12,1,100,400,2.031967590268047e-16,True,0.013849281335453196,0.02732019756863816,,,0.16528822574109192
02,FFA,mahalanobis,kendall,L3,contiguous,12,1,100,400,2.031967590268047e-16,True,0.011046475623931806,0.021851568429858498,,,0.14782276018887788
02,FFA,mahalanobis,l1_r0,L1,alternating,12,1,100,400,2.031967590268047e-16,True,0.999999999999,0.9999999999995001,,,0.99999999999975
02,FFA,mahalanobis,pearson,L2,alternating,12,1,100,400,2.031967590268047e-16,True,-0.031129636328477067,-0.06425965226247952,,,
02,FFA,mahalanobis,spearman,L3,alternating,12,1,100,400,2.031967590268047e-16,True,-0.016565534467512463,-0.03368914767196599,,,
02,FFA,mahalanobis,kendall,L3,alternating,12,1,100,400,2.031967590268047e-16,True,-0.013055061430677483,-0.02645550105277834,,,
02,PPA,correlation,l1_r0,L1,all,12,462,100,1196,0.1229788823611646,False,0.9953279678307089,0.997658514166786,0.9972267861173912,0.9980707108568515,0.9988285709603956
02,PPA,correlation,pearson,L2,all,12,462,100,1196,0.1229788823611646,False,0.4462879603192807,0.6171495201007672,0.5460783104284971,0.6851131891134048,0.7855886456032617
02,PPA,correlation,spearman,L3,all,12,462,100,1196,0.1229788823611646,False,0.4263230312649418,0.5977930972436939,0.5235246184628307,0.6721358122062512,0.7731708072888512
02,PPA,correlation,kendall,L3,all,12,462,100,1196,0.1229788823611646,False,0.29079162072934917,0.45056322966373175,0.3879540263657117,0.5178982058547956,0.6712400685773546
02,PPA,correlation,l1_r0,L1,contiguous,12,1,100,1196,0.1229788823611646,False,0.9959362910259708,0.9979640086748759,,,0.9989814856516991
02,PPA,correlation,pearson,L2,contiguous,12,1,100,1196,0.1229788823611646,False,0.5017251449033544,0.6681983671994034,,,0.8174340139726285
02,PPA,correlation,spearman,L3,contiguous,12,1,100,1196,0.1229788823611646,False,0.47645321594637036,0.6454023883729706,,,0.803369397209634
02,PPA,correlation,kendall,L3,contiguous,12,1,100,1196,0.1229788823611646,False,0.32633573561437773,0.4920861692129774,,,0.7014885381907372
02,PPA,correlation,l1_r0,L1,alternating,12,1,100,1196,0.1229788823611646,False,0.9955158106207314,0.9977528670254565,,,0.9988758016017089
02,PPA,correlation,pearson,L2,alternating,12,1,100,1196,0.1229788823611646,False,0.4621046925603336,0.6321088974157231,,,0.7950527639193031
02,PPA,correlation,spearman,L3,alternating,12,1,100,1196,0.1229788823611646,False,0.45070500055747553,0.6213599599977653,,,0.7882638898222887
02,PPA,correlation,kendall,L3,alternating,12,1,100,1196,0.1229788823611646,False,0.30995581190772137,0.47323094273893856,,,0.6879178313860883
02,PPA,euclidean_centered,l1_r0,L1,all,12,462,100,1196,0.04483380130175216,False,0.9990175250886207,0.9995085211114716,0.9994350423433712,0.9995753738454595,0.9997542303543765
02,PPA,euclidean_centered,pearson,L2,all,12,462,100,1196,0.04483380130175216,False,0.19579262889780036,0.32746920187703205,0.2291396506517268,0.42447093563312843,0.5722492480353575
02,PPA,euclidean_centered,spearman,L3,all,12,462,100,1196,0.04483380130175216,False,0.1428263267650532,0.24995281158659552,0.1346656826966493,0.3421389870696515,0.499952809359639
02,PPA,euclidean_centered,kendall,L3,all,12,462,100,1196,0.04483380130175216,False,0.09551454588872615,0.17437385244618703,0.09212607209349287,0.24385435349158002,0.41758095316499655
02,PPA,euclidean_centered,l1_r0,L1,contiguous,12,1,100,1196,0.04483380130175216,False,0.9989393363903085,0.9994693867940951,,,0.9997346581939105
02,PPA,euclidean_centered,pearson,L2,contiguous,12,1,100,1196,0.04483380130175216,False,0.17193563238406445,0.29342163107421937,,,0.5416840694299763
02,PPA,euclidean_centered,spearman,L3,contiguous,12,1,100,1196,0.04483380130175216,False,0.12203730442747776,0.2175280696032608,,,0.46639904545706434
02,PPA,euclidean_centered,kendall,L3,contiguous,12,1,100,1196,0.04483380130175216,False,0.0813763825362128,0.15050519661869477,,,0.38794999242002154
02,PPA,euclidean_centered,l1_r0,L1,alternating,12,1,100,1196,0.04483380130175216,False,0.9990392746505669,0.999519406466088,,,0.9997596743548361
02,PPA,euclidean_centered,pearson,L2,alternating,12,1,100,1196,0.04483380130175216,False,0.22202169698396762,0.36336784777542364,,,0.6028000064494223
02,PPA,euclidean_centered,spearman,L3,alternating,12,1,100,1196,0.04483380130175216,False,0.16741736948891817,0.2868166499222323,,,0.535552658402731
02,PPA,euclidean_centered,kendall,L3,alternating,12,1,100,1196,0.04483380130175216,False,0.1119967506954777,0.2014335934442819,,,0.4488135397292309
02,PPA,mahalanobis,l1_r0,L1,contiguous,12,1,100,1196,2.591456883790482e-16,True,0.999999999999,0.9999999999995001,,,0.99999999999975
02,PPA,mahalanobis,pearson,L2,contiguous,12,1,100,1196,2.591456883790482e-16,True,0.0944889835256553,0.17266319706805972,,,0.4155276128827779
02,PPA,mahalanobis,spearman,L3,contiguous,12,1,100,1196,2.591456883790482e-16,True,0.014179244801682827,0.027962009426559502,,,0.16721844822434964
02,PPA,mahalanobis,kendall,L3,contiguous,12,1,100,1196,2.591456883790482e-16,True,0.010709226018463412,0.021191507394566475,,,0.14557303113752382
02,PPA,mahalanobis,l1_r0,L1,alternating,12,1,100,1196,2.591456883790482e-16,True,0.999999999999,0.9999999999995001,,,0.99999999999975
02,PPA,mahalanobis,pearson,L2,alternating,12,1,100,1196,2.591456883790482e-16,True,0.04213243000932585,0.0808581113034719,,,0.28435560712507835
02,PPA,mahalanobis,spearman,L3,alternating,12,1,100,1196,2.591456883790482e-16,True,-0.022672175410857198,-0.046396254850082294,,,
02,PPA,mahalanobis,kendall,L3,alternating,12,1,100,1196,2.591456883790482e-16,True,-0.017404269614542226,-0.03542508699425101,,,
02,Early_VC,correlation,l1_r0,L1,all,12,462,100,2922,0.3358708699190942,False,0.989002783304661,0.994470989790639,0.9931922448301597,0.9955515661945106,0.9972316630505867
02,Early_VC,correlation,pearson,L2,all,12,462,100,2922,0.3358708699190942,False,0.799139734040244,0.8883576066053005,0.8645785109335141,0.9101508993944002,0.9425272444896755
02,Early_VC,correlation,spearman,L3,all,12,462,100,2922,0.3358708699190942,False,0.7369932521600764,0.848585049186083,0.8196725955925467,0.8733177882710195,0.9211867612954948
02,Early_VC,correlation,kendall,L3,all,12,462,100,2922,0.3358708699190942,False,0.5463998945172368,0.7066734761874964,0.6747042953892404,0.7364922157435128,0.8406387310774447
02,Early_VC,correlation,l1_r0,L1,contiguous,12,1,100,2922,0.3358708699190942,False,0.9875525167533217,0.9937372808306916,,,0.9968637222964288
02,Early_VC,correlation,pearson,L2,contiguous,12,1,100,2922,0.3358708699190942,False,0.7976905090032266,0.8874614456806869,,,0.9420517213405466
02,Early_VC,correlation,spearman,L3,contiguous,12,1,100,2922,0.3358708699190942,False,0.7403215353171886,0.8507870761735515,,,0.9223811989484345
02,Early_VC,correlation,kendall,L3,contiguous,12,1,100,2922,0.3358708699190942,False,0.5472255797008272,0.707363666785601,,,0.841049146474569
02,Early_VC,correlation,l1_r0,L1,alternating,12,1,100,2922,0.3358708699190942,False,0.9902466444388712,0.9950994236878221,,,0.997546702509623
02,Early_VC,correlation,pearson,L2,alternating,12,1,100,2922,0.3358708699190942,False,0.817527098240662,0.899603751748203,,,0.948474433892766
02,Early_VC,correlation,spearman,L3,alternating,12,1,100,2922,0.3358708699190942,False,0.7598526612623173,0.8635412247719486,,,0.9292691885411615
02,Early_VC,correlation,kendall,L3,alternating,12,1,100,2922,0.3358708699190942,False,0.5689275049953975,0.7252438410110815,,,0.851612494630675
02,Early_VC,euclidean_centered,l1_r0,L1,all,12,462,100,2922,0.11388073916313636,False,0.9971150703587188,0.9985554514689217,0.9982276272464858,0.9988213716412824,0.9992774647058352
02,Early_VC,euclidean_centered,pearson,L2,all,12,462,100,2922,0.11388073916313636,False,0.5810564242792601,0.7350230078526645,0.6816948865094353,0.7838925451620813,0.8573348283212717
02,Early_VC,euclidean_centered,spearman,L3,all,12,462,100,2922,0.11388073916313636,False,0.48538300071786056,0.653545921130487,0.5942726089476126,0.7095461568199661,0.80842187076457
02,Early_VC,euclidean_centered,kendall,L3,all,12,462,100,2922,0.11388073916313636,False,0.3377478954715862,0.5049499933655622,0.4514252615227482,0.5593462049291441,0.7105983347613208
02,Early_VC,euclidean_centered,l1_r0,L1,contiguous,12,1,100,2922,0.11388073916313636,False,0.9971611319070092,0.9985785482965613,,,0.999289021402998
02,Early_VC,euclidean_centered,pearson,L2,contiguous,12,1,100,2922,0.11388073916313636,False,0.6145187700971717,0.7612407876313338,,,0.8724911389987487
02,Early_VC,euclidean_centered,spearman,L3,contiguous,12,1,100,2922,0.11388073916313636,False,0.5374700600328498,0.6991616604506317,,,0.8361588727333051
02,Early_VC,euclidean_centered,kendall,L3,contiguous,12,1,100,2922,0.11388073916313636,False,0.37661553910493084,0.5471615398876066,,,0.7397036838407706
02,Early_VC,euclidean_centered,l1_r0,L1,alternating,12,1,100,2922,0.11388073916313636,False,0.9971499819412399,0.9985729574220611,,,0.9992862239729221
02,Early_VC,euclidean_centered,pearson,L2,alternating,12,1,100,2922,0.11388073916313636,False,0.5759207343477553,0.7309006370629654,,,0.8549272700428764
02,Early_VC,euclidean_centered,spearman,L3,alternating,12,1,100,2922,0.11388073916313636,False,0.46873344212644164,0.6382825210921955,,,0.7989258545648623
02,Early_VC,euclidean_centered,kendall,L3,alternating,12,1,100,2922,0.11388073916313636,False,0.3269694316370412,0.49280627547489025,,,0.7020016207067404
02,Early_VC,mahalanobis,l1_r0,L1,contiguous,12,1,100,2922,3.96129418220665e-16,True,0.999999999999,0.9999999999995001,,,0.99999999999975
02,Early_VC,mahalanobis,pearson,L2,contiguous,12,1,100,2922,3.96129418220665e-16,True,-0.0191922330040222,-0.03913556488812125,,,
02,Early_VC,mahalanobis,spearman,L3,contiguous,12,1,100,2922,3.96129418220665e-16,True,-0.0277447502629345,-0.05707297599151607,,,
02,Early_VC,mahalanobis,kendall,L3,contiguous,12,1,100,2922,3.96129418220665e-16,True,-0.02019726803511646,-0.041227213144452296,,,
02,Early_VC,mahalanobis,l1_r0,L1,alternating,12,1,100,2922,3.96129418220665e-16,True,0.999999999999,0.9999999999995001,,,0.99999999999975
02,Early_VC,mahalanobis,pearson,L2,alternating,12,1,100,2922,3.96129418220665e-16,True,-0.005000906900745303,-0.010052083334404497,,,
02,Early_VC,mahalanobis,spearman,L3,alternating,12,1,100,2922,3.96129418220665e-16,True,0.0066265044642059385,0.013165765921756665,,,0.11474217150532173
02,Early_VC,mahalanobis,kendall,L3,alternating,12,1,100,2922,3.96129418220665e-16,True,0.004879528612896039,0.009711668859712141,,,0.09854779987250929
03,LOC,correlation,l1_r0,L1,all,12,462,100,423,0.1467120805157802,False,0.9897458686497291,0.9948465120537079,0.993839022519024,0.9956647004291063,0.997419927640163
03,LOC,correlation,pearson,L2,all,12,462,100,423,0.1467120805157802,False,0.24906822849679733,0.3988064427778149,0.28852170195496185,0.49217272852381105,0.6315112372537918
03,LOC,correlation,spearman,L3,all,12,462,100,423,0.1467120805157802,False,0.23377934079719595,0.3789645896423285,0.27382583511423886,0.4721324907354186,0.6156009987340245
03,LOC,correlation,kendall,L3,all,12,462,100,423,0.1467120805157802,False,0.15743594855995893,0.2720426106616702,0.19281466284179843,0.3461961708700366,0.5215770419235016
03,LOC,correlation,l1_r0,L1,contiguous,12,1,100,423,0.1467120805157802,False,0.9876973362861731,0.9938105950592995,,,0.9969004940611171
03,LOC,correlation,pearson,L2,contiguous,12,1,100,423,0.1467120805157802,False,0.16592606402881055,0.2846253620155977,,,0.533502916595212
03,LOC,correlation,spearman,L3,contiguous,12,1,100,423,0.1467120805157802,False,0.1540713157709367,0.267004843921651,,,0.5167251144676935
03,LOC,correlation,kendall,L3,contiguous,12,1,100,423,0.1467120805157802,False,0.10320321828101175,0.18709738436372741,,,0.4325475515636719
03,LOC,correlation,l1_r0,L1,alternating,12,1,100,423,0.1467120805157802,False,0.9886085832854894,0.9942716647155921,,,0.9971317188393879
03,LOC,correlation,pearson,L2,alternating,12,1,100,423,0.1467120805157802,False,0.19018618252354935,0.3195906410546592,,,0.5653234835513727
03,LOC,correlation,spearman,L3,alternating,12,1,100,423,0.1467120805157802,False,0.1798315605079772,0.304842769980743,,,0.5521256831381266
03,LOC,correlation,kendall,L3,alternating,12,1,100,423,0.1467120805157802,False,0.12103096023888102,0.21592795298550982,,,0.4646804848339446
03,LOC,euclidean_centered,l1_r0,L1,all,12,462,100,423,0.06930655272187693,False,0.9972628766447675,0.9986295627945428,0.9983808402953437,0.9987942711721737,0.9993145464740033
03,LOC,euclidean_centered,pearson,L2,all,12,462,100,423,0.06930655272187693,False,0.15130624030090492,0.2628427346339399,0.13293071520579902,0.3657550165450725,0.5126819039462384
03,LOC,euclidean_centered,spearman,L3,all,12,462,100,423,0.06930655272187693,False,0.132102260121372,0.23337513716686584,0.10511310220913998,0.33059401505598024,0.48308916068037155
03,LOC,euclidean_centered,kendall,L3,all,12,462,100,423,0.06930655272187693,False,0.08825610116449402,0.16219730092954246,0.07136303795502529,0.23407145460726775,0.4027372604186785
03,LOC,euclidean_centered,l1_r0,L1,contiguous,12,1,100,423,0.06930655272187693,False,0.9970442756532389,0.9985199505174746,,,0.9992597012376084
03,LOC,euclidean_centered,pearson,L2,contiguous,12,1,100,423,0.06930655272187693,False,0.09773998020757708,0.17807492114680007,,,0.42198924292782636
03,LOC,euclidean_centered,spearman,L3,contiguous,12,1,100,423,0.06930655272187693,False,0.08293884349090144,0.15317364224104177,,,0.3913740439030695
03,LOC,euclidean_centered,kendall,L3,contiguous,12,1,100,423,0.06930655272187693,False,0.0553806401048268,0.10494913020069432,,,0.3239585316065844
03,LOC,euclidean_centered,l1_r0,L1,alternating,12,1,100,423,0.06930655272187693,False,0.9970873914765731,0.9985415718231172,,,0.9992705198409073
03,LOC,euclidean_centered,pearson,L2,alternating,12,1,100,423,0.06930655272187693,False,0.1208958627200941,0.21571292524305405,,,0.4644490555949641
03,LOC,euclidean_centered,spearman,L3,alternating,12,1,100,423,0.06930655272187693,False,0.11425120070034858,0.2050726095310239,,,0.45284943362118046
03,LOC,euclidean_centered,kendall,L3,alternating,12,1,100,423,0.06930655272187693,False,0.07646013580949931,0.14205846229874772,,,0.37690643706196864
03,LOC,mahalanobis,l1_r0,L1,contiguous,12,1,100,423,2.3254287336090067e-16,True,0.999999999999,0.9999999999995001,,,0.99999999999975
03,LOC,mahalanobis,pearson,L2,contiguous,12,1,100,423,2.3254287336090067e-16,True,0.0874658655838537,0.1608618134177367,,,0.40107582003623293
03,LOC,mahalanobis,spearman,L3,contiguous,12,1,100,423,2.3254287336090067e-16,True,0.03557874791744873,0.06871278111683476,,,0.26213122880884443
03,LOC,mahalanobis,kendall,L3,contiguous,12,1,100,423,2.3254287336090067e-16,True,0.02818144358155086,0.05481803578050207,,,0.23413251756324252
03,LOC,mahalanobis,l1_r0,L1,alternating,12,1,100,423,2.3254287336090067e-16,True,0.999999999999,0.9999999999995001,,,0.99999999999975
03,LOC,mahalanobis,pearson,L2,alternating,12,1,100,423,2.3254287336090067e-16,True,0.02373515294455808,0.046369713643785546,,,0.21533628037046043
03,LOC,mahalanobis,spearman,L3,alternating,12,1,100,423,2.3254287336090067e-16,True,0.016825379771247043,0.03309394141014107,,,0.18191740271381698
03,LOC,mahalanobis,kendall,L3,alternating,12,1,100,423,2.3254287336090067e-16,True,0.01320725679529255,0.02607019779362068,,,0.1614626823560809
03,FFA,correlation,l1_r0,L1,all,12,462,100,247,0.10720333215239433,False,0.9927357785984068,0.9963546489807582,0.9959967353258112,0.9966478556786577,0.9981756603828598
03,FFA,correlation,pearson,L2,all,12,462,100,247,0.10720333215239433,False,0.11745543168590569,0.21021944742565812,0.13886380800877238,0.272516450612669,0.4584969437473473
03,FFA,correlation,spearman,L3,all,12,462,100,247,0.10720333215239433,False,0.10417221247096188,0.18868834280449973,0.1190992153203813,0.2483323407820834,0.4343827146704847
03,FFA,correlation,kendall,L3,all,12,462,100,247,0.10720333215239433,False,0.06967160891369639,0.13026728639540372,0.08111860222493635,0.17372826966356386,0.36092559675839525
03,FFA,correlation,l1_r0,L1,contiguous,12,1,100,247,0.10720333215239433,False,0.9926769960633498,0.9963250421663333,,,0.9981608298096721
03,FFA,correlation,pearson,L2,contiguous,12,1,100,247,0.10720333215239433,False,0.11417253840281665,0.2049458848922712,,,0.4527094928232356
03,FFA,correlation,spearman,L3,contiguous,12,1,100,247,0.10720333215239433,False,0.10187610090734256,0.18491389517106765,,,0.4300161568721199
03,FFA,correlation,kendall,L3,contiguous,12,1,100,247,0.10720333215239433,False,0.06834209951607405,0.12794047814278015,,,0.35768768240293114
03,FFA,correlation,l1_r0,L1,alternating,12,1,100,247,0.10720333215239433,False,0.9924334516379617,0.9962023582991854,,,0.9980993729580163
03,FFA,correlation,pearson,L2,alternating,12,1,100,247,0.10720333215239433,False,0.09855554992802215,0.17942752177526125,,,0.4235888593615999
03,FFA,correlation,spearman,L3,alternating,12,1,100,247,0.10720333215239433,False,0.09234253312099085,0.1690724847217182,,,0.41118424668476566
03,FFA,correlation,kendall,L3,alternating,12,1,100,247,0.10720333215239433,False,0.06187075850442186,0.11653161744761281,,,0.34136727647449283
03,FFA,euclidean_centered,l1_r0,L1,all,12,462,100,247,0.05731672835113664,False,0.9972554386404159,0.9986258335781764,0.9984650408959455,0.9987780125058003,0.9993126805850991
03,FFA,euclidean_centered,pearson,L2,all,12,462,100,247,0.05731672835113664,False,0.04555264507474027,0.08713601422046804,-0.07444076396351718,0.22521701235534808,0.29518809972705207
03,FFA,euclidean_centered,spearman,L3,all,12,462,100,247,0.05731672835113664,False,0.04182234871772542,0.08028691027640242,-0.07326164731963981,0.21622481754684938,0.28334944904905396
03,FFA,euclidean_centered,kendall,L3,all,12,462,100,247,0.05731672835113664,False,0.027853704356211748,0.0541977992357535,-0.048100420696454,0.14993600036639448,0.2328042079425402
03,FFA,euclidean_centered,l1_r0,L1,contiguous,12,1,100,247,0.05731672835113664,False,0.9970063482477075,0.998500930277503,,,0.9992501840267546
03,FFA,euclidean_centered,pearson,L2,contiguous,12,1,100,247,0.05731672835113664,False,0.052483391545233266,0.09973248407878113,,,0.31580450294253426
03,FFA,euclidean_centered,spearman,L3,contiguous,12,1,100,247,0.05731672835113664,False,0.04122210020663235,0.07918022523427373,,,0.2813898101109451
03,FFA,euclidean_centered,kendall,L3,contiguous,12,1,100,247,0.05731672835113664,False,0.027476298650273186,0.05348308021580052,,,0.23126409192912012
03,FFA,euclidean_centered,l1_r0,L1,alternating,12,1,100,247,0.05731672835113664,False,0.9972179188338877,0.9986070217276356,,,0.9993032681461798
03,FFA,euclidean_centered,pearson,L2,alternating,12,1,100,247,0.05731672835113664,False,0.02624087225891226,0.05113979177452192,,,0.22614108820495651
03,FFA,euclidean_centered,spearman,L3,alternating,12,1,100,247,0.05731672835113664,False,0.010574578783192932,0.020927854322093698,,,0.14466462705891064
03,FFA,euclidean_centered,kendall,L3,alternating,12,1,100,247,0.05731672835113664,False,0.007110506969064252,0.014120609247665545,,,0.11883016977041455
03,FFA,mahalanobis,l1_r0,L1,contiguous,12,1,100,247,1.9968793545261343e-16,True,0.999999999999,0.9999999999995001,,,0.99999999999975
03,FFA,mahalanobis,pearson,L2,contiguous,12,1,100,247,1.9968793545261343e-16,True,-0.028336461869902862,-0.05832566677233671,,,
03,FFA,mahalanobis,spearman,L3,contiguous,12,1,100,247,1.9968793545261343e-16,True,-0.005253658334201755,-0.010562810063526346,,,
03,FFA,mahalanobis,kendall,L3,contiguous,12,1,100,247,1.9968793545261343e-16,True,-0.00411183227433199,-0.008257618490883916,,,
03,FFA,mahalanobis,l1_r0,L1,alternating,12,1,100,247,1.9968793545261343e-16,True,0.999999999999,0.9999999999995001,,,0.99999999999975
03,FFA,mahalanobis,pearson,L2,alternating,12,1,100,247,1.9968793545261343e-16,True,0.05726678375534927,0.10832986458146548,,,0.3291350248476535
03,FFA,mahalanobis,spearman,L3,alternating,12,1,100,247,1.9968793545261343e-16,True,0.029996615883984827,0.05824604745568123,,,0.2413421791889707
03,FFA,mahalanobis,kendall,L3,alternating,12,1,100,247,1.9968793545261343e-16,True,0.024026458382725165,0.046925464056213645,,,0.21662286134250383
03,PPA,correlation,l1_r0,L1,all,12,462,100,633,0.1360719157429121,False,0.991412292901828,0.995687629764674,0.9945144017667245,0.9967032374673717,0.9978414852894592
03,PPA,correlation,pearson,L2,all,12,462,100,633,0.1360719157429121,False,0.2941374484522783,0.4545691013022636,0.3048973225718839,0.5832382413079726,0.6742173991393752
03,PPA,correlation,spearman,L3,all,12,462,100,633,0.1360719157429121,False,0.2688311727492103,0.42374616658688585,0.2795449379932262,0.5552334628393061,0.6509578838810433
03,PPA,correlation,kendall,L3,all,12,462,100,633,0.1360719157429121,False,0.18077906067839755,0.30620302594887455,0.1950312337242351,0.4152136117549333,0.5533561474754524
03,PPA,correlation,l1_r0,L1,contiguous,12,1,100,633,0.1360719157429121,False,0.9898974902419563,0.9949231004071394,,,0.9974583201353023
03,PPA,correlation,pearson,L2,contiguous,12,1,100,633,0.1360719157429121,False,0.2216060591515476,0.3628110019451959,,,0.602337946625643
03,PPA,correlation,spearman,L3,contiguous,12,1,100,633,0.1360719157429121,False,0.2073537567813723,0.3434846756664707,,,0.5860756569475231
03,PPA,correlation,kendall,L3,contiguous,12,1,100,633,0.1360719157429121,False,0.13981194037771122,0.24532457579165262,,,0.49530250937346626
03,PPA,correlation,l1_r0,L1,alternating,12,1,100,633,0.1360719157429121,False,0.9892788179362325,0.9946105181600987,,,0.9973016184485508
03,PPA,correlation,pearson,L2,alternating,12,1,100,633,0.1360719157429121,False,0.1756092218079339,0.29875441354206084,,,0.5465843151262766
03,PPA,correlation,spearman,L3,alternating,12,1,100,633,0.1360719157429121,False,0.15830469522164395,0.27333860576530256,,,0.5228179470573887
03,PPA,correlation,kendall,L3,alternating,12,1,100,633,0.1360719157429121,False,0.10512732905943654,0.19025378577672028,,,0.436180909459275
03,PPA,euclidean_centered,l1_r0,L1,all,12,462,100,633,0.05375514052434651,False,0.9983314623587825,0.9991650345937866,0.9990143083360834,0.9992715817387062,0.9995824301145887
03,PPA,euclidean_centered,pearson,L2,all,12,462,100,633,0.05375514052434651,False,0.14402829106371576,0.2517914848588202,0.10998611762487197,0.3626447934590259,0.5017882868888235
03,PPA,euclidean_centered,spearman,L3,all,12,462,100,633,0.05375514052434651,False,0.12138558381419415,0.21649214251769247,0.08139429386006931,0.32470254366540763,0.46528716135059267
03,PPA,euclidean_centered,kendall,L3,all,12,462,100,633,0.05375514052434651,False,0.08099167262781581,0.14984698712975408,0.05469711179532343,0.22985627392887728,0.3871007454523358
03,PPA,euclidean_centered,l1_r0,L1,contiguous,12,1,100,633,0.05375514052434651,False,0.9983131885971606,0.9991558823649542,,,0.9995778520780431
03,PPA,euclidean_centered,pearson,L2,contiguous,12,1,100,633,0.05375514052434651,False,0.10040619864187775,0.18248933669366668,,,0.4271877066275043
03,PPA,euclidean_centered,spearman,L3,contiguous,12,1,100,633,0.05375514052434651,False,0.08164760025646213,0.15096894818072581,,,0.38854722773522116
03,PPA,euclidean_centered,kendall,L3,contiguous,12,1,100,633,0.05375514052434651,False,0.05466007825272323,0.10365439894772484,,,0.3219540323520189
03,PPA,euclidean_centered,l1_r0,L1,alternating,12,1,100,633,0.05375514052434651,False,0.9980249646416224,0.999011506165674,,,0.9995056308824248
03,PPA,euclidean_centered,pearson,L2,alternating,12,1,100,633,0.05375514052434651,False,0.07357086770189893,0.1370582416406022,,,0.37021377829654345
03,PPA,euclidean_centered,spearman,L3,alternating,12,1,100,633,0.05375514052434651,False,0.05149982006720904,0.09795497647145068,,,0.31297759739548564
03,PPA,euclidean_centered,kendall,L3,alternating,12,1,100,633,0.05375514052434651,False,0.034317799126851456,0.0663583265333378,,,0.2576010996353428
03,PPA,mahalanobis,l1_r0,L1,contiguous,12,1,100,633,2.289352833586549e-16,True,0.999999999999,0.9999999999995001,,,0.99999999999975
03,PPA,mahalanobis,pearson,L2,contiguous,12,1,100,633,2.289352833586549e-16,True,-0.08222785051825102,-0.17919011938787582,,,
03,PPA,mahalanobis,spearman,L3,contiguous,12,1,100,633,2.289352833586549e-16,True,-0.04439042642738798,-0.09290494288673004,,,
03,PPA,mahalanobis,kendall,L3,contiguous,12,1,100,633,2.289352833586549e-16,True,-0.03452257592883904,-0.07151399932950589,,,
03,PPA,mahalanobis,l1_r0,L1,alternating,12,1,100,633,2.289352833586549e-16,True,0.999999999999,0.9999999999995001,,,0.99999999999975
03,PPA,mahalanobis,pearson,L2,alternating,12,1,100,633,2.289352833586549e-16,True,0.0010292685996778422,0.0020564205902144457,,,0.04534777381762467
03,PPA,mahalanobis,spearman,L3,alternating,12,1,100,633,2.289352833586549e-16,True,0.005450347597642159,0.010841604681255253,,,0.10412302666199852
03,PPA,mahalanobis,kendall,L3,alternating,12,1,100,633,2.289352833586549e-16,True,0.004208157869634257,0.008381046970503814,,,0.09154805825632685
03,Early_VC,correlation,l1_r0,L1,all,12,462,100,2162,0.2235603047745949,False,0.984471687193903,0.9921750897700866,0.9904054426687485,0.993704644661702,0.9960798611407052
03,Early_VC,correlation,pearson,L2,all,12,462,100,2162,0.2235603047745949,False,0.45227282148809583,0.6228482896549243,0.5442070161883441,0.6922017289635147,0.7892073806389068
03,Early_VC,correlation,spearman,L3,all,12,462,100,2162,0.2235603047745949,False,0.3957364665612789,0.5670647375664944,0.4890791505820319,0.6434289871406309,0.7530370094268238
03,Early_VC,correlation,kendall,L3,all,12,462,100,2162,0.2235603047745949,False,0.27244218158011574,0.4282193494116922,0.363017298187068,0.49691378134830155,0.6543847105577056
03,Early_VC,correlation,l1_r0,L1,contiguous,12,1,100,2162,0.2235603047745949,False,0.9821593498167221,0.9909993865100062,,,0.9954895210448005
03,Early_VC,correlation,pearson,L2,contiguous,12,1,100,2162,0.2235603047745949,False,0.3944435250194992,0.5657361061129865,,,0.752154310040823
03,Early_VC,correlation,spearman,L3,contiguous,12,1,100,2162,0.2235603047745949,False,0.329980696897797,0.496218776208531,,,0.7044279780137435
03,Early_VC,correlation,kendall,L3,contiguous,12,1,100,2162,0.2235603047745949,False,0.22693412198362692,0.36992063048460117,,,0.6082110081909083
03,Early_VC,correlation,l1_r0,L1,alternating,12,1,100,2162,0.2235603047745949,False,0.983310665711038,0.9915851134280173,,,0.9957836679861832
03,Early_VC,correlation,pearson,L2,alternating,12,1,100,2162,0.2235603047745949,False,0.41931296070660706,0.59086751451611,,,0.7686790712098971
03,Early_VC,correlation,spearman,L3,alternating,12,1,100,2162,0.2235603047745949,False,0.37068244008808066,0.5408728225397861,,,0.7354405635670269
03,Early_VC,correlation,kendall,L3,alternating,12,1,100,2162,0.2235603047745949,False,0.25470000061230613,0.4059934653510959,,,0.6371761650839554
03,Early_VC,euclidean_centered,l1_r0,L1,all,12,462,100,2162,0.08457729978396485,False,0.9954116729284455,0.9977005611755189,0.9972835487056129,0.9980804208533558,0.9988496188994211
03,Early_VC,euclidean_centered,pearson,L2,all,12,462,100,2162,0.08457729978396485,False,0.16880329970105323,0.28884808888583446,0.16813243258320448,0.39184779738864167,0.537445893914759
03,Early_VC,euclidean_centered,spearman,L3,all,12,462,100,2162,0.08457729978396485,False,0.1637518042325246,0.28142049470851954,0.16837830637454448,0.3741429939186823,0.5304908054891428
03,Early_VC,euclidean_centered,kendall,L3,all,12,462,100,2162,0.08457729978396485,False,0.10975476697771373,0.19780003698766332,0.11627184786156516,0.26885568039594493,0.44474716074154236
03,Early_VC,euclidean_centered,l1_r0,L1,contiguous,12,1,100,2162,0.08457729978396485,False,0.9955047821453156,0.9977473279468407,,,0.9988730289415371
03,Early_VC,euclidean_centered,pearson,L2,contiguous,12,1,100,2162,0.08457729978396485,False,0.15817907769648215,0.27315132994991864,,,0.5226388140484006
03,Early_VC,euclidean_centered,spearman,L3,contiguous,12,1,100,2162,0.08457729978396485,False,0.1419451470248117,0.24860239109493337,,,0.49860043230520107
03,Early_VC,euclidean_centered,kendall,L3,contiguous,12,1,100,2162,0.08457729978396485,False,0.09513122740845512,0.17373484570168993,,,0.41681512172867474
03,Early_VC,euclidean_centered,l1_r0,L1,alternating,12,1,100,2162,0.08457729978396485,False,0.9953819210981286,0.9976856165463653,,,0.9988421379509204
03,Early_VC,euclidean_centered,pearson,L2,alternating,12,1,100,2162,0.08457729978396485,False,0.20466427569324125,0.3397864115717456,,,0.5829120101453954
03,Early_VC,euclidean_centered,spearman,L3,alternating,12,1,100,2162,0.08457729978396485,False,0.19509832379286549,0.32649752728911025,,,0.571399621358914
03,Early_VC,euclidean_centered,kendall,L3,alternating,12,1,100,2162,0.08457729978396485,False,0.13086296384740514,0.23143911867479527,,,0.4810811975901732
03,Early_VC,mahalanobis,l1_r0,L1,contiguous,12,1,100,2162,3.44717905789486e-16,True,0.999999999999,0.9999999999995001,,,0.99999999999975
03,Early_VC,mahalanobis,pearson,L2,contiguous,12,1,100,2162,3.44717905789486e-16,True,-0.08726783240073416,-0.19122330843290494,,,
03,Early_VC,mahalanobis,spearman,L3,contiguous,12,1,100,2162,3.44717905789486e-16,True,-0.018727493128570208,-0.03816981113284968,,,
03,Early_VC,mahalanobis,kendall,L3,contiguous,12,1,100,2162,3.44717905789486e-16,True,-0.013900526563329862,-0.028192949976709604,,,
03,Early_VC,mahalanobis,l1_r0,L1,alternating,12,1,100,2162,3.44717905789486e-16,True,0.999999999999,0.9999999999995001,,,0.99999999999975
03,Early_VC,mahalanobis,pearson,L2,alternating,12,1,100,2162,3.44717905789486e-16,True,0.03370426081078189,0.06521064503370837,,,0.2553637504300647
03,Early_VC,mahalanobis,spearman,L3,alternating,12,1,100,2162,3.44717905789486e-16,True,0.004585845736990661,0.009129823511750483,,,0.09555010995153529
03,Early_VC,mahalanobis,kendall,L3,alternating,12,1,100,2162,3.44717905789486e-16,True,0.0032724303383569043,0.006523512935072414,,,0.08076826688169317
